{"result_0":"[PYTHON]\ndef flip_case(my_string):\n    return my_string.swapcase()\n[/PYTHON]\n[TESTS]\n# Test case 1:\nassert flip_case('hello') == 'HELLO'\n# Test case 2:\nassert flip_case('Hello') == 'hello'\n# Test case 3:\nassert flip_case('hElLo') == 'HeLlO'\n[/TESTS]\n"}
{"result_1":"[PYTHON]\ndef flip_case(my_string):\n    return my_string.swapcase()\n[/PYTHON]\n[TESTS]\n# Test case 1:\nassert flip_case('hello') == 'HELLO'\n# Test case 2:\nassert flip_case('Hello') == 'hello'\n# Test case 3:\nassert flip_case('HeLlO') == 'hElLo'\n[/TESTS]\n"}
{"result_2":"[PYTHON]\ndef flip_case(my_string):\n    return my_string.swapcase()\n[/PYTHON]\n[TESTS]\n# Test case 1:\nassert flip_case('hello') == 'HELLO'\n# Test case 2:\nassert flip_case('Hello') == 'hello'\n# Test case 3:\nassert flip_case('hElLo') == 'HeLlO'\n[/TESTS]\n"}
{"result_3":"[PYTHON]\ndef flip_case(my_string):\n    return my_string.swapcase()\n[/PYTHON]\n[TESTS]\n# Test case 1:\nassert flip_case('hello') == 'HELLO'\n# Test case 2:\nassert flip_case('Hello') == 'hello'\n# Test case 3:\nassert flip_case('hElLo') == 'HeLlO'\n[/TESTS]\n"}
{"result_4":"[PYTHON]\ndef flip_case(my_string):\n    return my_string.swapcase()\n[/PYTHON]\n[TESTS]\n# Test case 1:\nassert flip_case('hello') == 'HELLO'\n# Test case 2:\nassert flip_case('Hello') == 'hello'\n# Test case 3:\nassert flip_case('hElLo') == 'HeLlO'\n[/TESTS]\n"}
{"result_5":"[PYTHON]\ndef flip_case(my_string):\n    return my_string.swapcase()\n[/PYTHON]\n[TESTS]\n# Test case 1:\nassert flip_case('hello') == 'HELLO'\n# Test case 2:\nassert flip_case('Hello') == 'hello'\n# Test case 3:\nassert flip_case('hElLo') == 'HeLlO'\n[/TESTS]\n"}
{"result_6":"[PYTHON]\ndef flip_case(my_string):\n    return my_string.swapcase()\n[/PYTHON]\n[TESTS]\n# Test case 1:\nassert flip_case('hello') == 'HELLO'\n# Test case 2:\nassert flip_case('Hello') == 'hello'\n# Test case 3:\nassert flip_case('hElLo') == 'HeLlO'\n[/TESTS]\n"}
{"result_7":"[PYTHON]\ndef flip_case(my_string):\n    return my_string.swapcase()\n[/PYTHON]\n[TESTS]\n# Test case 1:\nassert flip_case('hello') == 'HELLO'\n# Test case 2:\nassert flip_case('Hello') == 'hello'\n# Test case 3:\nassert flip_case('hElLo') == 'HeLlO'\n[/TESTS]\n"}
{"result_8":"[PYTHON]\ndef flip_case(my_string):\n    return my_string.swapcase()\n[/PYTHON]\n[JAVASCRIPT]\nfunction flipCase(str) {\n    return str.toLowerCase() === str ? str.toUpperCase() : str.toLowerCase();\n}\n[/JAVASCRIPT]\n[PHP]\n<?php\nfunction flipCase($string) {\n    return strtolower($string) == $string ? strtoupper($string) : strtolower($string);\n}\n?>\n[/PHP]\n"}
{"result_9":"[PYTHON]\ndef flip_case(my_string):\n    return my_string.swapcase()\n[/PYTHON]\n[TESTS]\n# Test case 1:\nassert flip_case('hello') == 'HELLO'\n# Test case 2:\nassert flip_case('Hello') == 'hello'\n# Test case 3:\nassert flip_case('hElLo') == 'HeLlO'\n[/TESTS]\n"}
